{
	"format_version": "1.8.0",
	"animations": {
		"animation.invertedblaze.idle": {
			"loop": true,
			"animation_length": 2,
			"bones": {
				"upperBodyParts0": {
					"rotation": {
						"0.0": {
							"vector": [0, 0, 0]
						},
						"0.25": {
							"vector": [0, 0, 45]
						},
						"0.5": {
							"vector": [0, 0, 90]
						},
						"0.75": {
							"vector": [0, 0, 135]
						},
						"1.0": {
							"vector": [0, 0, 180]
						},
						"1.25": {
							"vector": [0, 0, 225]
						},
						"1.5": {
							"vector": [0, 0, 270]
						},
						"1.75": {
							"vector": [0, 0, 315]
						},
						"1.7917": {
							"vector": [5, 0, 322.5]
						},
						"1.875": {
							"vector": [3.0727, -12.48259, 336.83525]
						},
						"1.9583": {
							"vector": [-6.47577, -4.16086, 352.27842],
							"easing": "step"
						},
						"2.0": {
							"vector": [0, 0, 360]
						}
					}
				},
				"upperBodyParts1": {
					"rotation": {
						"0.0": {
							"vector": [0, 0, 0]
						},
						"0.25": {
							"vector": [0, -45, 0]
						},
						"0.5": {
							"vector": [0, -90, 0]
						},
						"0.75": {
							"vector": [0, -135, 0]
						},
						"1.0": {
							"vector": [0, -180, 0]
						},
						"1.25": {
							"vector": [0, -225, 0]
						},
						"1.5": {
							"vector": [0, -270, 0]
						},
						"1.75": {
							"vector": [0, -315, 0]
						},
						"1.8333": {
							"vector": [-5, -330, 0]
						},
						"1.9167": {
							"vector": [12.5, -345, 0]
						},
						"2.0": {
							"vector": [0, -360, 0]
						}
					}
				},
				"upperBodyParts2": {
					"rotation": {
						"0.0": {
							"vector": [0, 0, 0]
						},
						"0.1667": {
							"vector": [-45, 0, 0]
						},
						"0.375": {
							"vector": [-90, 0, 0]
						},
						"0.5833": {
							"vector": [-135, 0, 0]
						},
						"0.7917": {
							"vector": [-180, 0, 0]
						},
						"1.0": {
							"vector": [-225, 0, 0]
						},
						"1.2083": {
							"vector": [-270, 0, 0]
						},
						"1.4167": {
							"vector": [-315, 0, 0]
						},
						"1.625": {
							"vector": [-360, 0, 0]
						},
						"1.7917": {
							"vector": [-355.37496, -5.52108, 6.86765]
						},
						"1.875": {
							"vector": [-400.22488, 14.88472, -49.21964]
						},
						"2.0": {
							"vector": [-360, 0, 0]
						}
					}
				},
				"head": {
					"scale": {
						"0.0": {
							"vector": [1, 1, 1]
						},
						"0.0417": {
							"vector": [1, 1, 1]
						},
						"0.0833": {
							"vector": [1.2, 1, 1]
						},
						"0.125": {
							"vector": [1.2, 1, 1]
						},
						"0.1667": {
							"vector": [1, 1, 1]
						},
						"0.2083": {
							"vector": [1, 1, 1]
						},
						"0.25": {
							"vector": [1, 1, 1]
						},
						"0.2917": {
							"vector": [1, 1, 1]
						},
						"0.3333": {
							"vector": [1.2, 1, 1]
						},
						"0.375": {
							"vector": [1.2, 1, 1]
						},
						"0.4167": {
							"vector": [1, 1, 1]
						},
						"0.4583": {
							"vector": [1, 1, 1]
						},
						"0.5": {
							"vector": [1, 1, 1]
						},
						"0.5417": {
							"vector": [1, 1, 1]
						},
						"0.5833": {
							"vector": [1.2, 1, 1]
						},
						"0.625": {
							"vector": [1.2, 1, 1]
						},
						"0.6667": {
							"vector": [1, 1, 1]
						},
						"0.7083": {
							"vector": [1, 1, 1]
						},
						"0.75": {
							"vector": [1, 1, 1]
						},
						"0.7917": {
							"vector": [1, 1, 1]
						},
						"0.8333": {
							"vector": [1.2, 1, 1]
						},
						"0.875": {
							"vector": [1.2, 1, 1]
						},
						"0.9167": {
							"vector": [1, 1, 1]
						},
						"0.9583": {
							"vector": [1, 1, 1]
						},
						"1.0": {
							"vector": [1, 1, 1]
						},
						"1.0417": {
							"vector": [1, 1, 1]
						},
						"1.0833": {
							"vector": [1.2, 1, 1]
						},
						"1.125": {
							"vector": [1.2, 1, 1]
						},
						"1.1667": {
							"vector": [1, 1, 1]
						},
						"1.2083": {
							"vector": [1, 1, 1]
						},
						"1.25": {
							"vector": [1, 1, 1]
						},
						"1.2917": {
							"vector": [1, 1, 1]
						},
						"1.3333": {
							"vector": [1.2, 1, 1]
						},
						"1.375": {
							"vector": [1.2, 1, 1]
						},
						"1.4167": {
							"vector": [1, 1, 1]
						},
						"1.4583": {
							"vector": [1, 1, 1]
						},
						"1.5": {
							"vector": [1, 1, 1]
						},
						"1.5417": {
							"vector": [1, 1, 1]
						},
						"1.5833": {
							"vector": [1.2, 1, 1]
						},
						"1.625": {
							"vector": [1.2, 1, 1]
						},
						"1.6667": {
							"vector": [1, 1, 1]
						},
						"1.7083": {
							"vector": [1, 1, 1]
						},
						"1.75": {
							"vector": [1, 1, 1]
						},
						"1.7917": {
							"vector": [1, 1, 1]
						},
						"1.8333": {
							"vector": [1.2, 1, 1]
						},
						"1.875": {
							"vector": [1.2, 1, 1]
						},
						"1.9167": {
							"vector": [1, 1, 1]
						},
						"1.9583": {
							"vector": [1, 1, 1]
						}
					}
				}
			}
		}
	},
	"geckolib_format_version": 2
}