{
	"format_version": "1.8.0",
	"animations": {
		"animation.lost_dark.idle": {
			"loop": true,
			"animation_length": 1.54167,
			"bones": {
				"tentacles_0": {
					"rotation": {
						"0.0": {
							"vector": [-12.39638, 1.61888, 7.32417]
						},
						"0.5": {
							"vector": [-19.94533, 0.76696, 4.97328]
						},
						"1.0": {
							"vector": [-2.38224, -1.79082, -2.07797]
						},
						"1.5": {
							"vector": [-12.39638, 1.61888, 7.32417]
						}
					}
				},
				"tentacles_1": {
					"rotation": {
						"0.0": {
							"vector": [-12.5, 0, 0]
						},
						"0.5": {
							"vector": [-17.48436, -0.75155, -2.38443]
						},
						"1.0": {
							"vector": [2.29747, -2.04447, 2.68541]
						},
						"1.5": {
							"vector": [-12.5, 0, 0]
						}
					}
				},
				"tentacles_2": {
					"rotation": {
						"0.0": {
							"vector": [-12.43252, -1.19096, -7.39894]
						},
						"0.5": {
							"vector": [-4.93252, -1.19096, -7.39894]
						},
						"1.0": {
							"vector": [-2.52637, -0.10898, 5.00734]
						},
						"1.5": {
							"vector": [-12.43252, -1.19096, -7.39894]
						}
					}
				},
				"tentacles_3": {
					"rotation": {
						"0.0": {
							"vector": [0, 0, 10]
						},
						"0.5": {
							"vector": [-12.5, 0, 10]
						},
						"1.0": {
							"vector": [7.38733, 1.29876, -4.91615]
						},
						"1.5": {
							"vector": [0, 0, 10]
						}
					}
				},
				"tentacles_4": {
					"rotation": {
						"0.0": {
							"vector": [-5, 0, 5]
						},
						"0.5": {
							"vector": [-10, 0, 5]
						},
						"1.0": {
							"vector": [-17.43745, -1.50179, 0.23032]
						},
						"1.5": {
							"vector": [-5, 0, 5]
						}
					}
				},
				"tentacles_5": {
					"rotation": {
						"0.0": {
							"vector": [0, 0, -10]
						},
						"0.5": {
							"vector": [4.98107, -0.43523, -5.01893]
						},
						"1.0": {
							"vector": [-17.40078, -3.76822, 0.28005]
						},
						"1.5": {
							"vector": [0, 0, -10]
						}
					}
				},
				"tentacles_6": {
					"rotation": {
						"0.0": {
							"vector": [9.99294, -0.32621, 9.97864]
						},
						"0.5": {
							"vector": [2.49294, -0.32621, 9.97864]
						},
						"1.0": {
							"vector": [-19.51093, -3.52869, -4.68577]
						},
						"1.5": {
							"vector": [9.99294, -0.32621, 9.97864]
						}
					}
				},
				"tentacles_7": {
					"rotation": {
						"0.0": {
							"vector": [5, 0, 0]
						},
						"0.5": {
							"vector": [0, 0, -5]
						},
						"1.0": {
							"vector": [-12.39638, 1.61888, 7.32417]
						},
						"1.5": {
							"vector": [5, 0, 0]
						}
					}
				},
				"tentacles_8": {
					"rotation": {
						"0.0": {
							"vector": [7.5, 0, -5]
						},
						"0.5": {
							"vector": [0, 0, -2.5]
						},
						"1.0": {
							"vector": [2.95411, 2.99318, 14.75002]
						},
						"1.5": {
							"vector": [7.5, 0, -5]
						}
					}
				}
			}
		}
	},
	"geckolib_format_version": 2
}